DROP TABLE ASIGNATURA;
DROP TABLE MODALIDAD_CURSO;
DROP TABLE CURSO;
DROP TABLE PROFESOR;
DROP TABLE ALUMNO;
DROP TABLE NOTA_ALUMNO;
DROP TABLE PROMEDIO_ASIG_ALUMNO;
DROP TABLE RESUMEN_SITUACION_ASIG;
DROP TABLE TRAMO_SITUACION_ASIG;
DROP TABLE RESUMEN_APROBADOS;
DROP TABLE RESUMEN_REPROBADOS;
DROP TABLE RESUMEN_PENDIENTES;

-- CREACCIÓN TABLA ASIGNATURA
CREATE TABLE ASIGNATURA
(cod_asignatura    NUMBER(4) NOT NULL,
 sigla_asignatura  VARCHAR2(10) NOT NULL,
 nombre            VARCHAR2(30) NOT NULL,
 observacion       VARCHAR2(30) NOT NULL,
 porc_asist_minima NUMBER(3) NOT NULL,
 minimo_de_notas   NUMBER(3) NOT NULL,
 horas_semanales   NUMBER(2) NOT NULL,
CONSTRAINT PK_ASIGNATURA PRIMARY KEY(cod_asignatura) );

-- CREACIÓN TABLA TIPO CURSO
CREATE TABLE MODALIDAD_CURSO
(cod_modalidad    NUMBER(5) NOT NULL,
 descripcion      VARCHAR2(25) NOT NULL,
CONSTRAINT PK_MODALIDAD_CURSO PRIMARY KEY(cod_modalidad));

-- CREACIÓN TABLA CURSO
CREATE TABLE CURSO
(cod_curso    NUMBER(5) NOT NULL,
 sigla_curso  VARCHAR2(10) NOT NULL,
 descripcion  VARCHAR2(25) NOT NULL,
 cod_modalidad NUMBER(5) NOT NULL,
CONSTRAINT PK_CURSO PRIMARY KEY(cod_curso),
CONSTRAINT FK_MODALIDAD_CURSO FOREIGN KEY(cod_modalidad) REFERENCES MODALIDAD_CURSO(cod_modalidad)
ON DELETE CASCADE
);

-- CREACIÓN TABLA PROFESOR
CREATE TABLE PROFESOR
(cod_profesor     NUMBER(5) NOT NULL,
 numrut_profesor  NUMBER(10) NOT NULL,
 dvrut_profesor   VARCHAR2(1) NOT NULL,
 pnombre_profesor VARCHAR2(25) NOT NULL,
 snombre_profesor VARCHAR2(25) ,
 appat_profesor   VARCHAR2(25) NOT NULL,
 apmat_profesor   VARCHAR2(25) NOT NULL,
 fecha_contrato   DATE NOT NULL,
 cod_curso      NUMBER(5) NOT NULL, 
CONSTRAINT PK_PROFESOR PRIMARY KEY(cod_profesor),
CONSTRAINT FK_PROFESOR_CURSO FOREIGN KEY(cod_curso) REFERENCES curso(cod_curso)
ON DELETE CASCADE);

-- CREACIÓN TABLA ALUMNO
CREATE TABLE ALUMNO
(cod_alumno     NUMBER(5) NOT NULL,
 numrut_alumno  NUMBER(10) NOT NULL,
 dvrut_alumno   VARCHAR2(1) NOT NULL,
 pnombre_alumno VARCHAR2(25) NOT NULL,
 snombre_alumno VARCHAR2(25),
 appat_alumno   VARCHAR2(25) NOT NULL,
 apmat_alumno   VARCHAR2(25) NOT NULL,
 becado         CHAR(1),
 cod_curso      NUMBER(5) NOT NULL,
CONSTRAINT PK_ALUMNO PRIMARY KEY(cod_alumno),
CONSTRAINT FK_ALUMNO_CURSO FOREIGN KEY(cod_curso) REFERENCES curso(cod_curso)
ON DELETE CASCADE);

-- CREACIÓN TABLA NOTA_ALUMNO
CREATE TABLE NOTA_ALUMNO
(cod_alumno       NUMBER(5) NOT NULL,
 cod_asignatura   NUMBER(4) NOT NULL,
 nota1            NUMBER(2,1) NOT NULL,
 nota2            NUMBER(2,1) NOT NULL, 
 nota3            NUMBER(2,1) NOT NULL,
 nota4            NUMBER(2,1),
 nota5            NUMBER(2,1),
CONSTRAINT PK_NOTA_ALUMNO  PRIMARY KEY(cod_alumno, cod_asignatura),
CONSTRAINT FK_NOTA_ALUMNO_ALUMNO FOREIGN KEY (cod_alumno) REFERENCES alumno(cod_alumno),
CONSTRAINT FK_NOTA_ALUMNO_ASIGNATURA FOREIGN KEY (cod_asignatura) REFERENCES asignatura(cod_asignatura)
ON DELETE CASCADE);

-- CREACIÓN TABLA PROMEDIO_ASIG_ALUMNO
CREATE TABLE PROMEDIO_ASIG_ALUMNO
(cod_alumno       NUMBER(5) NOT NULL,
 cod_asignatura   NUMBER(4) NOT NULL,
 promedio_asig    NUMBER(2,1),
 situacion_asig   VARCHAR2(20),
CONSTRAINT PK_PROM_ASIG_ALUMNO  PRIMARY KEY(cod_alumno, cod_asignatura),
CONSTRAINT FK_PROM_ASIG_ALUMNO FOREIGN KEY (cod_alumno) REFERENCES alumno(cod_alumno),
CONSTRAINT FK_PROM_ASIG_ASIGNATURA FOREIGN KEY (cod_asignatura) REFERENCES asignatura(cod_asignatura)
ON DELETE CASCADE);

-- CREACIÓN TABLA RESUMEN_SITUACION_ASIG
CREATE TABLE RESUMEN_SITUACION_ASIG
(cod_asignatura    NUMBER(4) NOT NULL,
 total_aprob       NUMBER(4) NULL,
 total_reprob      NUMBER(4) NULL,
CONSTRAINT PK_RESUMEN_SITUACION_ASIG  PRIMARY KEY(cod_asignatura),
CONSTRAINT FK_RESUMEN_SITUACION_ASIG FOREIGN KEY (cod_asignatura) REFERENCES asignatura(cod_asignatura)
ON DELETE CASCADE);

-- CREACIÓN TABLA SITUACION ALUMNO X PROMEDIO
--LA IDEA ES UTILIZAR ESTA TABLA PARA BUSCAR SEGÚN MI PROMEDIO LA SITUACION QUE TENGO, APROBADO, REPROBADO, PENDIENTE Y ACTUALIZAR 
--LA SITUACION ASIGNATURA DE LA ASIGNATURA EN LA TABLA PROMEDIO_ASIG_ALUMNO
CREATE TABLE TRAMO_SITUACION_ASIG(
   cod_situacion_asig  NUMBER(4), 
   promedio_inf        NUMBER,
   promedio_sup        NUMBER,
   situacion           VARCHAR2(20),
CONSTRAINT PK_TRAMO_SITUACION_ASIG  PRIMARY KEY(cod_situacion_asig)
);

CREATE TABLE RESUMEN_APROBADOS(
     sec_aprobados  NUMBER,
     numrut_alumno  NUMBER(10) NOT NULL,
     dvrut_alumno   VARCHAR2(1) NOT NULL,
     pnombre_alumno VARCHAR2(25) NOT NULL,
     snombre_alumno VARCHAR2(25),
     appat_alumno   VARCHAR2(25) NOT NULL,
     apmat_alumno   VARCHAR2(25) NOT NULL,
     sigla_curso    VARCHAR2(10) NOT NULL,
     sigla_asignatura  VARCHAR2(10) NOT NULL,
     annio_proceso  NUMBER,
     
     CONSTRAINT PK_APROBADOS  PRIMARY KEY(sec_aprobados)
);

CREATE TABLE RESUMEN_REPROBADOS(
     sec_reprobados  NUMBER,
     numrut_alumno  NUMBER(10) NOT NULL,
     dvrut_alumno   VARCHAR2(1) NOT NULL,
     pnombre_alumno VARCHAR2(25) NOT NULL,
     snombre_alumno VARCHAR2(25),
     appat_alumno   VARCHAR2(25) NOT NULL,
     apmat_alumno   VARCHAR2(25) NOT NULL,
     sigla_curso    VARCHAR2(10) NOT NULL,
     sigla_asignatura  VARCHAR2(10) NOT NULL,
     annio_proceso  NUMBER,
     
     CONSTRAINT PK_REPROBADOS  PRIMARY KEY(sec_reprobados)
);

CREATE TABLE RESUMEN_PENDIENTES(
     sec_pendientes  NUMBER,
     numrut_alumno  NUMBER(10) NOT NULL,
     dvrut_alumno   VARCHAR2(1) NOT NULL,
     pnombre_alumno VARCHAR2(25) NOT NULL,
     snombre_alumno VARCHAR2(25),
     appat_alumno   VARCHAR2(25) NOT NULL,
     apmat_alumno   VARCHAR2(25) NOT NULL,
     sigla_curso    VARCHAR2(10) NOT NULL,
     sigla_asignatura  VARCHAR2(10) NOT NULL,
     annio_proceso  NUMBER,
     fecha_prueba_recuperativa date,
     
     CONSTRAINT PK_PENDIENTES  PRIMARY KEY(sec_pendientes)
);


----------------------------------------------------------------------------------------------------------------------------------------------------------------

-- INSERCIÓN FILAS TABLA ASIGNATURA
INSERT INTO ASIGNATURA VALUES(1211,'MATEM','MATEMÁTICAS 1','ASIG. PRIMERO MEDIO', 90,5,10);
INSERT INTO ASIGNATURA VALUES(1212,'LENG','LENGUAJE 1','ASIG. PRIMERO MEDIO', 90,5, 10);
INSERT INTO ASIGNATURA VALUES(1213,'ING','INGLES 1','ASIG. PRIMERO MEDIO',70,4,8);
INSERT INTO ASIGNATURA VALUES(1214,'ED.FIS','EDUCACIÓN FÍSICA 1','ASIG. PRIMERO MEDIO',70,4,7);
INSERT INTO ASIGNATURA VALUES(1215,'FIS','FÍSICA 1','ASIG. PRIMERO MEDIO',66,4,5);
INSERT INTO ASIGNATURA VALUES(2211,'MATEM2', 'MATEMÁTICAS 2','ASIG. SEGUNDO MEDIO', 90,5,10);
INSERT INTO ASIGNATURA VALUES(2212,'LENG2', 'LENGUAJE 2','ASIG. SEGUNDO MEDIO', 90,5, 10);
INSERT INTO ASIGNATURA VALUES(2213,'ING2','INGLES 2','ASIG. SEGUNDO MEDIO',70,4,8);
INSERT INTO ASIGNATURA VALUES(2214,'ED.FIS2','EDUCACIÓN FÍSICA 2','ASIG. SEGUNDO MEDIO',70,4,7);
INSERT INTO ASIGNATURA VALUES(2215,'FIS2','FÍSICA 2','ASIG. SEGUNDO MEDIO',66,4,5);

INSERT INTO MODALIDAD_CURSO VALUES(1,'DIURNO');
INSERT INTO MODALIDAD_CURSO VALUES(2,'VESPERTINO');
INSERT INTO MODALIDAD_CURSO VALUES(3,'PEV');


-- INSERCIÓN FILAS TABLA CURSO
INSERT INTO CURSO VALUES(211,'PMA','PRIMERO MEDIO A',1);
INSERT INTO CURSO VALUES(212,'PMB','PRIMERO MEDIO B',1);

INSERT INTO CURSO VALUES(221,'SMA','SEGUNDO MEDIO A',1);
INSERT INTO CURSO VALUES(222,'SMB','SEGUNDO MEDIO B',1);

INSERT INTO CURSO VALUES(231,'TMA','TERCERO MEDIO A',1);
INSERT INTO CURSO VALUES(232,'TMB','TERCERO MEDIO B',1);
INSERT INTO CURSO VALUES(233,'TMC','TERCERO MEDIO C',1);

INSERT INTO CURSO VALUES(241,'CMA','CUARTO MEDIO A',2);
INSERT INTO CURSO VALUES(242,'CMB','CUARTO MEDIO B',2);

-- INSERCIÓN FILAS TABLA ALUMNO
--PRIMERO MEDIO
INSERT INTO ALUMNO VALUES(2111,18012987,1,'JUAN','PABLO','ZÁRATE','POBLETE','S',211);
INSERT INTO ALUMNO VALUES(2112,19983767,'K','MARÍA',NULL,'JARA','SOTO','S',211);
INSERT INTO ALUMNO VALUES(2113,19243861,8,'SONIA','ISABEL','TOLEDO','MUÑOZ','S',211);
INSERT INTO ALUMNO VALUES(2114,20997232,7,'SERGIO','RAFAEL','ARAVENA','ARAYA',NULL,212);
INSERT INTO ALUMNO VALUES(2115,18777666,6,'FRANCISCA',NULL,'PEÑA','ACEVEDO',NULL,212);
INSERT INTO ALUMNO VALUES(2116,18998111,1,'FRANCISCO','JAVIER','ZÁRATE','DONOSO','S',212);

--SEGUNDO MEDIO
INSERT INTO ALUMNO VALUES(2117,13016988,1,'ELIAS','ANDRES','REYES','TOLEDO','S',221);
INSERT INTO ALUMNO VALUES(2118,11983377,1,'CARLOS',NULL,'JARA','GAJARDO','S',221);
INSERT INTO ALUMNO VALUES(2119,15243677,8,'CLAUDIA','ANDREA','ORELLANA','MARTINEZ','S',221);
INSERT INTO ALUMNO VALUES(2120,19997411,3,'CRISTIAN','ULISES','CONCHA','ARAYA',NULL,222);
INSERT INTO ALUMNO VALUES(2121,13771222,2,'MARTA',NULL,'PEÑA','CLAVETI',NULL,222);
INSERT INTO ALUMNO VALUES(2122,14998133,1,'LORENA','JAVIER','CORTES','MOYA','S',222);

--TERCERO MEDIO
INSERT INTO ALUMNO VALUES(2123,17045681,6,'SERGIO','ARLETTE','VERDUGO','MEZA','S',231);
INSERT INTO ALUMNO VALUES(2124,17965462,'K','SARA',NULL,'JESUS','FUENTES','S',231);
INSERT INTO ALUMNO VALUES(2125,16276563,5,'SOFIA','ISABEL','ALFARO','CABELLO','S',231);
INSERT INTO ALUMNO VALUES(2126,16923434,5,'CATALINA','SOFIA','PIGGATI','ZAMORA','N',232);
INSERT INTO ALUMNO VALUES(2127,15799965,'K','MAURUCIO',NULL,'MEDINA','DROGUETT','N',232);
INSERT INTO ALUMNO VALUES(2128,16998886,1,'FLAVIO','ENOC','PASTEN','MENDOZA','S',232);

--CUARTO MEDIO
INSERT INTO ALUMNO VALUES(2129,17012112,0,'CESAR','PABLO','MAUREIRA','MORAGA','S',241);
INSERT INTO ALUMNO VALUES(2130,16983732,0,'AURELIO',NULL,'DIAZ','MENESES','S',241);
INSERT INTO ALUMNO VALUES(2131,14243676,2,'ANA','ISABEL','CERDA','VALLADARES','S',241);
INSERT INTO ALUMNO VALUES(2132,15997772,4,'RONALD','RAFAEL','SANCHEZ','ARAVENA',NULL,242);
INSERT INTO ALUMNO VALUES(2133,16777874,8,'AURELIO',NULL,'QUINTANILLA','ALFARO',NULL,242);
INSERT INTO ALUMNO VALUES(2134,17998953,0,'MERCEDES','SANDRA','SOTO','SOTO','S',242);



-- INSERCIÓN FILAS TABLA PROFESOR
INSERT INTO PROFESOR VALUES(5111,15987654,2,'ANDRES','ESTEBAN','SALGADO','TORO',TO_DATE('01/03/2014','DD/MM/YYYY'),211);
INSERT INTO PROFESOR VALUES(5112,21656666,'K','CRISTOBAL',NULL,'SOTELDO','SOTO',TO_DATE('01/03/2015','DD/MM/YYYY'),212);

INSERT INTO PROFESOR VALUES(5113,19899921,3,'SOFIA','ANDREA','MORAGA','LOPEZ',TO_DATE('01/03/2015','DD/MM/YYYY'),221);
INSERT INTO PROFESOR VALUES(5114,11654343,3,'SANDRA','ELENA','CASTRO','SOLANO',TO_DATE('01/03/2016','DD/MM/YYYY'),222);

INSERT INTO PROFESOR VALUES(5211,15332432,7,'FABIAN',NULL,'MIRANDA','MENDOZA',TO_DATE('01/03/2016','DD/MM/YYYY'),231);
INSERT INTO PROFESOR VALUES(5221,17889661,6,'CHRISTIAN',NULL,'MARTINEZ','MORALES',TO_DATE('01/03/2017','DD/MM/YYYY'),232);

INSERT INTO PROFESOR VALUES(5213,16332987,8,'CLAUDIA',NULL,'MORAGA','ALBORNOZ',TO_DATE('01/03/2016','DD/MM/YYYY'),241);
INSERT INTO PROFESOR VALUES(5214,16766778,5,'JORGE','SEBASTIAN','SOTELDO','SETZ',TO_DATE('01/03/2017','DD/MM/YYYY'),242);



--INSERCIÓN FILAS TABLA NOTA_ALUMNO
--primero medio
INSERT INTO NOTA_ALUMNO VALUES(2111,1211,5.5,5.0,4.5,3.6,3.7);
INSERT INTO NOTA_ALUMNO VALUES(2111,1212,4.6,6.6,3.4,5.0,4.4);
INSERT INTO NOTA_ALUMNO VALUES(2111,1213,4.0,4.1,4.2,4.0,3.8);
INSERT INTO NOTA_ALUMNO VALUES(2111,1214,5.0,4.5,4.4,4.2,4.3);
INSERT INTO NOTA_ALUMNO VALUES(2111,1215,6.3,2.8,2.7,2.5,3.7);

INSERT INTO NOTA_ALUMNO VALUES(2112,1211,6.7,6.8,7.0,7.0,6.8);
INSERT INTO NOTA_ALUMNO VALUES(2112,1212,6.8,6.9,7.0,6.4,6.2);
INSERT INTO NOTA_ALUMNO VALUES(2112,1213,7.0,7.0,7.0,7.0,4.5);
INSERT INTO NOTA_ALUMNO VALUES(2112,1214,2.7,2.9,3.8,4.9,5.4);
INSERT INTO NOTA_ALUMNO VALUES(2112,1215,6.9,7.0,6.8,6.6,6.6);

INSERT INTO NOTA_ALUMNO VALUES(2113,1211,2.5,3.7,4.8,4.4,4.8);
INSERT INTO NOTA_ALUMNO VALUES(2113,1212,3.5,3.6,3.3,2.0,2.2);
INSERT INTO NOTA_ALUMNO VALUES(2113,1213,2.4,2.4,2.2,2.1,2.2);
INSERT INTO NOTA_ALUMNO VALUES(2113,1214,5.3,3.4,3.5,3.2,3.7);
INSERT INTO NOTA_ALUMNO VALUES(2113,1215,6.2,2.1,5.3,2.2,1.0);

INSERT INTO NOTA_ALUMNO VALUES(2114,1211,4.5,4.4,4.3,4.2,4.9);
INSERT INTO NOTA_ALUMNO VALUES(2114,1212,2.8,2.9,3.8,4.9,5.2);
INSERT INTO NOTA_ALUMNO VALUES(2114,1213,4.4,4.3,4.1,4.0,4.4);
INSERT INTO NOTA_ALUMNO VALUES(2114,1214,5.4,5.2,4.4,4.3,5.4);
INSERT INTO NOTA_ALUMNO VALUES(2114,1215,3.4,3.5,4.4,4.4,4.8);

INSERT INTO NOTA_ALUMNO VALUES(2115,1211,4.3,4.4,4.1,4.2,4.9);
INSERT INTO NOTA_ALUMNO VALUES(2115,1212,4.2,4.0,4.2,3.9,3.7);
INSERT INTO NOTA_ALUMNO VALUES(2115,1213,4.7,4.3,4.4,4.0,4.2);
INSERT INTO NOTA_ALUMNO VALUES(2115,1214,5.8,5.2,4.4,4.9,5.4);
INSERT INTO NOTA_ALUMNO VALUES(2115,1215,3.7,3.5,4.9,4.4,5.8);

INSERT INTO NOTA_ALUMNO VALUES(2116,1211,2.8,2.9,3.8,4.9,5.2);
INSERT INTO NOTA_ALUMNO VALUES(2116,1212,4.7,4.0,4.2,3.9,2.9);
INSERT INTO NOTA_ALUMNO VALUES(2116,1213,4.4,4.7,4.1,4.5,6.4);
INSERT INTO NOTA_ALUMNO VALUES(2116,1214,5.9,5.2,4.4,4.2,5.4);
INSERT INTO NOTA_ALUMNO VALUES(2116,1215,3.8,3.5,4.4,4.9,4.8);

--segundo medio
INSERT INTO NOTA_ALUMNO VALUES(2117,1211,6.5,6.6,6.7,6.8,7.0);
INSERT INTO NOTA_ALUMNO VALUES(2117,1212,5.3,4.2,4.4,3.9,4.0);
INSERT INTO NOTA_ALUMNO VALUES(2117,1213,3.5,2.9,3.5,4.5,3.5);
INSERT INTO NOTA_ALUMNO VALUES(2117,1214,2.4,3.3,4.5,5.6,5.5);
INSERT INTO NOTA_ALUMNO VALUES(2117,1215,4.1,4.2,4.0,4.2,4.9);

INSERT INTO NOTA_ALUMNO VALUES(2118,1211,6.7,6.8,6.9,7.0,7.0);
INSERT INTO NOTA_ALUMNO VALUES(2118,1212,6.9,6.8,6.6,6.4,5.5);
INSERT INTO NOTA_ALUMNO VALUES(2118,1213,5.6,5.5,5.7,6.8,7.0);
INSERT INTO NOTA_ALUMNO VALUES(2118,1214,7.0,7.0,7.0,7.0,7.0);
INSERT INTO NOTA_ALUMNO VALUES(2118,1215,4.6,5.5,5.6,6.6,2.0);

INSERT INTO NOTA_ALUMNO VALUES(2119,1211,6.5,6.6,6.7,6.8,7.0);
INSERT INTO NOTA_ALUMNO VALUES(2119,1212,5.3,4.2,4.4,3.9,4.0);
INSERT INTO NOTA_ALUMNO VALUES(2119,1213,5.5,5.9,3.5,4.5,3.5);
INSERT INTO NOTA_ALUMNO VALUES(2119,1214,5.4,3.3,4.5,5.6,5.5);
INSERT INTO NOTA_ALUMNO VALUES(2119,1215,2.1,4.2,4.0,4.2,4.9);

INSERT INTO NOTA_ALUMNO VALUES(2120,1211,4.7,6.8,6.9,7.0,7.0);
INSERT INTO NOTA_ALUMNO VALUES(2120,1212,4.9,6.8,6.6,6.4,5.5);
INSERT INTO NOTA_ALUMNO VALUES(2120,1213,2.6,5.5,5.7,6.8,7.0);
INSERT INTO NOTA_ALUMNO VALUES(2120,1214,2.0,1.0,7.0,7.0,7.0);
INSERT INTO NOTA_ALUMNO VALUES(2120,1215,4.6,5.5,5.6,1.6,2.0);

INSERT INTO NOTA_ALUMNO VALUES(2121,1211,6.5,6.6,6.7,4.8,7.0);
INSERT INTO NOTA_ALUMNO VALUES(2121,1212,2.8,2.9,3.8,4.9,5.2);
INSERT INTO NOTA_ALUMNO VALUES(2121,1213,3.5,2.9,3.5,4.5,3.5);
INSERT INTO NOTA_ALUMNO VALUES(2121,1214,2.4,1.3,4.5,5.6,5.5);
INSERT INTO NOTA_ALUMNO VALUES(2121,1215,4.1,3.2,4.0,4.2,4.9);

INSERT INTO NOTA_ALUMNO VALUES(2122,1211,6.7,3.8,6.9,7.0,7.0);
INSERT INTO NOTA_ALUMNO VALUES(2122,1212,2.8,2.9,3.8,4.9,5.2);
INSERT INTO NOTA_ALUMNO VALUES(2122,1213,5.6,5.5,5.7,2.8,7.0);
INSERT INTO NOTA_ALUMNO VALUES(2122,1214,7.0,7.0,7.0,1.0,7.0);
INSERT INTO NOTA_ALUMNO VALUES(2122,1215,4.6,5.5,5.6,6.6,2.0);


--INSERCIÓN FILAS TABLA RESUMEN_SITUACION_ASIG 
INSERT INTO RESUMEN_SITUACION_ASIG VALUES(1211,0,0);
INSERT INTO RESUMEN_SITUACION_ASIG VALUES(1212,0,0);
INSERT INTO RESUMEN_SITUACION_ASIG VALUES(1213,0,0);
INSERT INTO RESUMEN_SITUACION_ASIG VALUES(1214,0,0);
INSERT INTO RESUMEN_SITUACION_ASIG VALUES(1215,0,0);


INSERT INTO RESUMEN_SITUACION_ASIG VALUES(2211,0,0);
INSERT INTO RESUMEN_SITUACION_ASIG VALUES(2212,0,0);
INSERT INTO RESUMEN_SITUACION_ASIG VALUES(2213,0,0);
INSERT INTO RESUMEN_SITUACION_ASIG VALUES(2214,0,0);
INSERT INTO RESUMEN_SITUACION_ASIG VALUES(2215,0,0);


INSERT INTO TRAMO_SITUACION_ASIG  VALUES (1, 1.0, 3.90 ,   'REPROBADO');
INSERT INTO TRAMO_SITUACION_ASIG  VALUES (2, 3.91 , 3.95 , 'PENDIENTE');
INSERT INTO TRAMO_SITUACION_ASIG  VALUES (3, 4.0, 7.0 ,    'APROBADO');

COMMIT;


